elapsed_s,rss_mb,connections_current,requests_total,errors_total,rejected_total
0,4,101,1197,0,0
30,4,101,179428,0,0
61,4,101,353904,0,0
91,4,101,526625,0,0
122,4,101,701651,0,0
152,4,101,874958,0,0
182,4,101,1052973,0,0
213,4,101,1234762,0,0
243,4,101,1413775,0,0
273,4,101,1589625,0,0
304,4,101,1766318,0,0
334,4,101,1946304,0,0
365,4,101,2137055,0,0
395,4,101,2324815,0,0
425,4,101,2508769,0,0
456,4,101,2693408,0,0
486,4,101,2876186,0,0
516,4,101,3062779,0,0
547,4,101,3246345,0,0
577,4,101,3432062,0,0
